Id,OwnerId,IsDeleted,Name,CreatedById,LastModifiedById,Accept_Language__c,Evaluation_Time__c,Event_Date__c,Event_ID__c,Event_Name__c,Login_Key__c,Login_Type__c,Login_url__c,Policy_ID__c,Policy_Outcome__c,Replay_Id__c,Score__c,Session_Key__c,Source_IP__c,Summary__c,User_Agent__c,User__c
a0156000003kUexAAE,00556000007dasAAAQ,,CSE-0000000001,00556000007dasAAAQ,00556000007dasAAAQ,us,,2021-07-28T03:05:03.000+0000,9b793255d-316f-13x1-b8d1-a699b5231037z1,CSE-0000000001,,Partner Product,test.salesforce.com,,,,5.000000,,70.102.218.1,Successful login from Credential Stuffing attack from IP address 70.102.218.1,Jakarta HTTP Server,00556000007dasAAAQ
a0156000003kUeyAAE,00556000007dasAAAQ,,CSE-0000000002,00556000007dasAAAQ,00556000007dasAAAQ,us,,2021-07-28T03:05:03.000+0000,9b793255d-316f-13x1-b8d1-a699b5231037z2,CSE-0000000002,,Partner Product,test.salesforce.com,,,,5.000000,,70.102.218.2,Successful login from Credential Stuffing attack from IP address 70.102.218.2,Jakarta HTTP Server,00556000007dasAAAQ
a0156000003kUezAAE,00556000007dasAAAQ,,CSE-0000000003,00556000007dasAAAQ,00556000007dasAAAQ,us,,2021-07-28T03:05:03.000+0000,9b793255d-316f-13x1-b8d1-a699b5231037z3,CSE-0000000003,,Partner Product,test.salesforce.com,,,,5.000000,,70.102.218.3,Successful login from Credential Stuffing attack from IP address 70.102.218.3,Jakarta HTTP Server,00556000007dasAAAQ
a0156000003kUf0AAE,00556000007dasAAAQ,,CSE-0000000004,00556000007dasAAAQ,00556000007dasAAAQ,us,,2021-07-28T03:05:03.000+0000,9b793255d-316f-13x1-b8d1-a699b5231037z4,CSE-0000000004,,Partner Product,test.salesforce.com,,,,5.000000,,70.102.218.4,Successful login from Credential Stuffing attack from IP address 70.102.218.4,Jakarta HTTP Server,00556000007dasAAAQ
a0156000003kUf1AAE,00556000007dasAAAQ,,CSE-0000000005,00556000007dasAAAQ,00556000007dasAAAQ,us,,2021-07-28T03:05:03.000+0000,9b793255d-316f-13x1-b8d1-a699b5231037z5,CSE-0000000005,,Partner Product,test.salesforce.com,,,,5.000000,,70.102.218.5,Successful login from Credential Stuffing attack from IP address 70.102.218.5,Jakarta HTTP Server,00556000007dasAAAQ
a0156000003kUf2AAE,00556000007dasAAAQ,,CSE-0000000006,00556000007dasAAAQ,00556000007dasAAAQ,us,,2021-07-28T03:05:03.000+0000,9b793255d-316f-13x1-b8d1-a699b5231037z6,CSE-0000000006,,Partner Product,test.salesforce.com,,,,5.000000,,70.102.218.6,Successful login from Credential Stuffing attack from IP address 70.102.218.6,Jakarta HTTP Server,00556000007dasAAAQ
a0156000003kUf3AAE,00556000007dasAAAQ,,CSE-0000000007,00556000007dasAAAQ,00556000007dasAAAQ,us,,2021-07-28T03:05:03.000+0000,9b793255d-316f-13x1-b8d1-a699b5231037z7,CSE-0000000007,,Partner Product,test.salesforce.com,,,,5.000000,,70.102.218.7,Successful login from Credential Stuffing attack from IP address 70.102.218.7,Jakarta HTTP Server,00556000007dasAAAQ
a0156000003kUf4AAE,00556000007dasAAAQ,,CSE-0000000008,00556000007dasAAAQ,00556000007dasAAAQ,us,,2021-07-28T03:05:03.000+0000,9b793255d-316f-13x1-b8d1-a699b5231037z8,CSE-0000000008,,Partner Product,test.salesforce.com,,,,5.000000,,70.102.218.8,Successful login from Credential Stuffing attack from IP address 70.102.218.8,Jakarta HTTP Server,00556000007dasAAAQ
a0156000003kUf5AAE,00556000007dasAAAQ,,CSE-0000000009,00556000007dasAAAQ,00556000007dasAAAQ,us,,2021-07-28T03:05:03.000+0000,9b793255d-316f-13x1-b8d1-a699b5231037z9,CSE-0000000009,,Partner Product,test.salesforce.com,,,,5.000000,,70.102.218.9,Successful login from Credential Stuffing attack from IP address 70.102.218.9,Jakarta HTTP Server,00556000007dasAAAQ
a0156000003kUf6AAE,00556000007dasAAAQ,,CSE-00000000010,00556000007dasAAAQ,00556000007dasAAAQ,us,,2021-07-28T03:05:03.000+0000,9b793255d-316f-13x1-b8d1-a699b5231037z10,CSE-00000000010,,Partner Product,test.salesforce.com,,,,5.000000,,70.102.218.10,Successful login from Credential Stuffing attack from IP address 70.102.218.10,Jakarta HTTP Server,00556000007dasAAAQ
a0156000003kUf7AAE,00556000007dasAAAQ,,CSE-00000000011,00556000007dasAAAQ,00556000007dasAAAQ,us,,2021-07-28T03:05:03.000+0000,9b793255d-316f-13x1-b8d1-a699b5231037z11,CSE-00000000011,,Partner Product,test.salesforce.com,,,,5.000000,,70.102.218.11,Successful login from Credential Stuffing attack from IP address 70.102.218.11,Jakarta HTTP Server,00556000007dasAAAQ
a0156000003kUf8AAE,00556000007dasAAAQ,,CSE-00000000012,00556000007dasAAAQ,00556000007dasAAAQ,us,,2021-07-28T03:05:03.000+0000,9b793255d-316f-13x1-b8d1-a699b5231037z12,CSE-00000000012,,Partner Product,test.salesforce.com,,,,5.000000,,70.102.218.12,Successful login from Credential Stuffing attack from IP address 70.102.218.12,Jakarta HTTP Server,00556000007dasAAAQ
a0156000003kUf9AAE,00556000007dasAAAQ,,CSE-00000000013,00556000007dasAAAQ,00556000007dasAAAQ,us,,2021-07-28T03:05:03.000+0000,9b793255d-316f-13x1-b8d1-a699b5231037z13,CSE-00000000013,,Partner Product,test.salesforce.com,,,,5.000000,,70.102.218.13,Successful login from Credential Stuffing attack from IP address 70.102.218.13,Jakarta HTTP Server,00556000007dasAAAQ
a0156000003kUfAAAU,00556000007dasAAAQ,,CSE-00000000014,00556000007dasAAAQ,00556000007dasAAAQ,us,,2021-07-28T03:05:03.000+0000,9b793255d-316f-13x1-b8d1-a699b5231037z14,CSE-00000000014,,Partner Product,test.salesforce.com,,,,5.000000,,70.102.218.14,Successful login from Credential Stuffing attack from IP address 70.102.218.14,Jakarta HTTP Server,00556000007dasAAAQ
a0156000003kUfBAAU,00556000007dasAAAQ,,CSE-00000000015,00556000007dasAAAQ,00556000007dasAAAQ,us,,2021-07-28T03:05:03.000+0000,9b793255d-316f-13x1-b8d1-a699b5231037z15,CSE-00000000015,,Partner Product,test.salesforce.com,,,,5.000000,,70.102.218.15,Successful login from Credential Stuffing attack from IP address 70.102.218.15,Jakarta HTTP Server,00556000007dasAAAQ
